GEOID,B01003_001E_x,B02001_002E_x,B01001_026E_x,B01003_001M_x,B02001_002T,B01001_026T,B01003_001E_y,B01003_001M_y,B02001_002E_y,B02001_002M,B01001_026E_y,B01001_026M,state,county,tract
10001040100,6552.90823032861,5980.491231235279,3256.191566523833,935.3176744056213,1152.917523198257,669.7113064538543,7531,759,6181,793,3658,433,10,001,040100
10001040201,5058.7297158504925,3571.3682478380324,2720.36850055654,999.2858692854508,991.0518157510844,617.2713794757256,4766,485,3103,383,2176,259,10,001,040201
10001040203,4994.888064516129,3138.191522856297,2595.8869126269747,839.3931527475978,615.0009895377652,446.48959653065,5310,644,2999,502,2691,404,10,001,040203
10001040204,4657.007372900851,3352.0896780997787,2450.600443171046,1829.6535566146388,1746.926572098071,1034.6358157724558,6108,908,3867,523,3447,591,10,001,040204
10001040205,2877.6180671683387,2071.0184757965817,1514.234380908711,1303.481102357922,1062.3169540372921,660.9977553925439,3934,558,2448,439,2189,331,10,001,040205
10001040206,5206.474096118602,3747.5840630350776,2739.8032419255123,1807.84620407315,1407.389803854775,889.8532363291083,6495,753,4067,508,3328,538,10,001,040206
10001040501,4925.467289719626,1877.048729318906,2673.199281176139,994.4138127045725,448.49667430245887,570.7289315538844,4731,617,2756,492,2430,344,10,001,040501
10001040502,2073.9190227248478,1606.2358546324097,1110.4873655865879,526.8794430321566,549.1370614375186,234.70899769884207,2648,354,1681,313,1464,228,10,001,040502
10001040700,4825.595744680851,2707.612197316079,2499.838292095142,625.0890031584357,473.7160702133097,378.5805578399099,5631,1011,3276,710,2923,575,10,001,040700
10001040900,2558.5327102803735,1805.9675846165921,1411.288072595102,510.02213775399196,466.0975014759202,292.3464994946702,2373,381,1466,280,1314,250,10,001,040900
10001041000,5982.612359550561,3425.089084848672,3038.970639903966,1605.4850396297193,1106.3153005864392,757.8847389030325,6719,828,3186,744,3318,558,10,001,041000
10001041101,3450.0,2749.9661819411563,1806.0872505918157,449.7409882648151,340.29675638552123,235.43810060961525,3620,592,2973,565,1633,224,10,001,041101
10001041200,4206.0,1894.1693838661868,2222.7770484861317,1149.5356854085787,477.7374764881369,496.4731790122607,4130,468,1963,360,2080,374,10,001,041200
10001041300,2068.0,1237.4340173382707,1017.2058910178405,492.725786971502,347.88072055114446,224.63739118228017,2056,288,986,225,1033,178,10,001,041300
10001041400,3646.914874815906,1353.088302985674,1848.3227660998796,895.4450426592018,478.7820097530305,522.5730787276228,3390,416,1170,270,1606,276,10,001,041400
10001041500,3890.719796131125,2074.794868209892,2089.203012372837,646.2847255321963,431.05116458228554,465.3641738807341,4531,717,2458,649,2311,374,10,001,041500
10001041600,2074.0224719101125,1684.1279080001173,1055.9644439229032,588.9094507671713,423.2365073466044,276.92029346061486,2168,359,1490,361,1221,319,10,001,041600
10001041701,5595.87054960489,4006.3834556802663,2886.1666119048023,667.2460465660769,813.6573079032983,445.06507985226045,5808,667,3437,727,2798,439,10,001,041701
10001041702,4216.0,2792.8440366972477,2302.532110091743,431.18516897036505,460.5924969427287,311.65477883432084,4777,1010,3165,969,2215,329,10,001,041702
10001041802,5404.812156828748,3732.8912696343136,2745.0916921658268,921.5723300528099,859.0860949056672,555.9700396636617,6080,721,3675,588,3057,440,10,001,041802
10001041803,3691.2672413793102,2397.506346274743,2012.460867430602,1225.6883893452573,916.04360594954,738.7427599909365,4170,374,2459,263,2235,284,10,001,041803
10001041804,5931.843199213538,3802.79483102502,3232.5155521399156,919.2137892361561,950.9560810245957,774.2315532782085,6020,759,3935,512,3275,627,10,001,041804
10001041900,5267.811183548261,4866.898568705695,2590.2890073029594,825.4404811981709,1088.8777470943483,531.2374118777012,5194,634,4433,581,2440,283,10,001,041900
10001042000,3182.099358974359,3079.30403582207,1459.6433673266138,665.9248352804491,772.4592649885744,356.77647992084314,3460,563,2887,595,1567,248,10,001,042000
10001042100,3872.420327817335,3324.151095390202,1905.8978329918414,813.816707334554,804.1618247170459,404.75993570648006,4321,976,3021,704,2350,630,10,001,042100
10001042203,4261.0,3151.146501918209,2172.162923689207,1086.8694266515333,1033.7772768365926,571.131870746849,5809,1046,3818,1087,3143,687,10,001,042203
10001042204,3043.0,2246.883265647343,1549.5329241680877,840.0785573283149,933.1523390607391,495.67251495248695,4202,722,3001,697,2299,463,10,001,042204
10001042205,2462.0,1817.7804208600182,1254.3698536139066,955.9808432553597,900.088442013321,478.22115830857365,2992,722,1299,382,1625,329,10,001,042205
10001042206,2248.0628323385786,1671.502209843625,1091.2998164687153,755.7979446556359,811.9593927636105,438.1040540819993,2624,400,1923,306,1492,281,10,001,042206
10001042207,2489.0,1846.903883705793,1208.0479496637015,781.9963264013019,736.5881871319251,411.28384615981145,2208,273,1679,227,1168,234,10,001,042207
10001042208,4115.452631578947,3053.7747884573664,1997.4544449646571,1106.8482902084793,1070.3539465040212,573.0194777908545,4136,621,2970,428,2282,378,10,001,042208
10001042500,3456.853737113402,2177.6119778730063,1735.913287045306,640.4300630586159,581.4407049986268,366.73072218975955,4470,332,2325,491,2345,297,10,001,042500
10001042801,1998.2379032258063,1568.551650054505,1104.6479574129023,763.3904872022588,757.8443108286473,525.6240382251565,1694,409,1391,510,889,309,10,001,042801
10001042802,5096.883720930233,4000.8876609211407,2817.6135496216834,1237.4227781809236,1072.4221292394916,772.9164334234947,5464,583,4543,695,2970,359,10,001,042802
10001042900,4770.815308195981,4108.996435017567,2368.080928473692,556.7132840312458,691.1724841275085,398.37545302737993,5215,679,4618,611,2605,427,10,001,042900
10001043000,5224.165048543689,4120.892931404984,2567.369328195535,798.5210777523499,859.2349042376078,463.6601093622053,5018,437,3559,640,2710,497,10,001,043000
10001043100,2631.1062927004673,2459.232040542651,1272.6922721659087,818.7692482882138,851.4431010560895,323.6994049113763,2468,407,2360,406,1240,231,10,001,043100
10001043202,3640.3724409026067,3362.450376231083,1751.2094188684134,977.2852992097437,782.6278413952003,342.8405926489052,4412,514,3946,516,2187,282,10,001,043202
10001043300,6131.732758620689,2123.08915589828,3694.548119649156,1138.6164048960513,616.0101016402837,829.7375384065175,6626,484,1986,317,4110,420,10,001,043300
10001043400,4167.37037037037,3451.953854573605,2094.191949947175,842.965513862074,652.5496264714427,340.90732504352445,5552,767,3994,758,2934,497,10,001,043400
10001980000,284.5,226.77257355427798,148.93676022996277,599.9630284367819,135.86139766739848,89.66846481680324,263,134,210,113,53,48,10,001,980000
10003000200,5434.290909090909,1289.0217948002694,2952.3723502800685,890.6633220135109,396.4331286809709,644.821372079377,5596,1311,1942,614,3178,1162,10,003,000200
10003000300,3194.0,512.0,1728.0,458.33270941673214,206.11703265024948,362.61691394679264,3007,631,431,257,1565,352,10,003,000300
10003000400,2956.0,1365.9134172551428,1463.0248695118207,610.0418815189072,369.69026134986075,372.6766080991655,3241,582,1187,142,1688,360,10,003,000400
10003000500,3647.808510638298,438.4255600667487,2010.1146229565152,575.0668557167751,154.32261004281276,448.6360782681641,3892,793,289,139,1855,360,10,003,000500
10003000601,2938.991632653061,173.4333180353481,1486.8391481300653,651.1684825523502,59.089364618231,385.83860286669585,3323,701,104,62,2019,511,10,003,000601
10003000602,2621.781489361702,339.427067819149,1409.4026235593972,715.3428827627913,167.65835904461034,442.00637051130155,2724,683,272,154,1289,285,10,003,000602
10003000900,2223.900900900901,202.52268347965298,1340.0281568766497,455.3135747494412,71.74716588252367,312.78866580484413,2446,434,178,118,1290,258,10,003,000900
10003001100,3259.7525773195875,2521.943716733566,1871.625936189434,446.65589379597793,406.4719301358016,353.148276771423,3183,465,2371,437,1697,294,10,003,001100
10003001200,1529.0,1340.260748959778,783.5859916782247,260.1454399506043,287.628316931538,196.51600492607466,1684,308,1581,308,978,277,10,003,001200
10003001300,3450.3881486576784,3271.0898712031267,1772.5375825492486,486.10790243045955,558.4967853888113,300.1665056993065,3242,264,2889,294,1900,226,10,003,001300
10003001400,2149.36,1555.3157788944725,1223.7310954773868,292.3098319771312,315.36793017523735,206.23646119568068,1990,303,966,194,958,186,10,003,001400
10003001500,2303.0,1141.126126126126,1138.013963963964,362.69666971753827,331.9985024343494,212.41329420201987,2196,490,1054,229,1369,393,10,003,001500
10003001600,2387.0,508.514462594662,1535.2644799037794,607.6832836119086,256.17156726126996,493.7468063692512,2268,431,655,278,1227,282,10,003,001600
10003001902,1918.0,317.008316008316,979.9345114345115,693.3943870586797,119.31060034661034,225.32186277112865,2131,268,533,187,1159,256,10,003,001902
10003002100,1847.0,280.1190332326284,1009.9909365558913,412.28386678054613,109.82684761826275,238.53250171957092,1748,418,248,144,914,254,10,003,002100
10003002200,3340.4660194174758,1614.6997043049266,1829.5630193850452,555.2671024114646,509.96462122076514,444.76023847606785,2815,556,982,265,1414,404,10,003,002200
10003002300,3127.5339805825242,1234.410411262808,1520.4543442820407,574.3438961253746,408.19358305516954,444.12262620698556,2490,602,708,269,1652,507,10,003,002300
10003002400,4702.808948662865,2591.943538796131,2709.4885860442446,1158.0226443926624,839.5612973770361,774.0579476125763,3940,682,2048,454,2378,521,10,003,002400
10003002500,3095.149273668392,2122.929149494638,1549.0593940420556,769.3566071436215,810.2092113049272,484.2564616553933,3263,500,1953,476,1632,372,10,003,002500
10003002600,3922.0,1824.4229263378904,2082.2684096703474,872.3895256233844,572.1018082216528,546.1157800060452,3785,747,1092,302,1882,470,10,003,002600
10003002700,2092.70796460177,1178.5189364911234,1031.925493852169,435.9257766427999,277.1952234141646,168.0384688761166,2654,381,1039,234,1404,227,10,003,002700
10003002800,2005.654323585104,1015.947123031278,1023.3574286480562,914.6561744408501,321.9813449997943,388.13281393202794,1886,332,864,209,938,328,10,003,002800
10003002900,3480.6921981944074,170.98556658941953,1829.4259921805026,591.0583719966431,36.90881006188744,330.159742153282,3558,628,195,89,2097,381,10,003,002900
10003003002,3275.0,474.2739007664381,1344.8769665187576,703.3675631655454,77.28856126557238,236.85905864023013,3593,317,829,239,1215,221,10,003,003002
10003010104,3409.2484876929493,2293.1053587521787,1648.8734013817239,703.0185269683247,524.4421626640864,300.1303089293747,3745,622,2548,608,1847,380,10,003,010104
10003010105,2876.299065420561,1271.1615091539734,1508.0974898436068,508.55806441308084,248.24549222304194,236.1242766191638,2329,452,842,354,1258,303,10,003,010105
10003010106,1685.2194900644224,743.7851453062112,883.8200032175474,322.3166534843482,156.3085049624301,146.82338524047336,1650,359,509,174,1040,343,10,003,010106
10003010200,1982.0,1508.3992229237494,912.5478387566781,162.84885886846277,201.33599068703222,135.84813494282807,2139,322,1445,239,1191,200,10,003,010200
10003010300,2861.075934579439,2171.8965743900258,1290.532265182275,531.4281517395546,542.1341668547129,271.08340809393934,3661,524,1900,302,1847,322,10,003,010300
10003010400,4490.0,3610.773519163763,2175.642276422764,682.0811755034633,800.6369231554064,470.4737251475511,4613,574,3338,585,2468,447,10,003,010400
10003010502,5588.672020581283,4779.619162180114,3082.607119785986,801.1108223364894,873.1495377052274,611.3812028379776,5855,850,4345,588,2905,486,10,003,010502
10003010703,1751.362220917051,983.7896690019196,960.0401878907068,705.4048802149082,538.8689379841452,531.5831939297806,1877,274,990,222,1004,327,10,003,010703
10003010704,3237.760638155656,1800.8971969785325,1773.4741620420566,1067.7114684169128,645.7057044076869,654.9938940750675,3977,811,1094,322,1845,414,10,003,010704
10003010800,4649.284998819256,3993.395615457398,2393.589281705641,400.80340541707733,495.68346913027744,309.15753434335926,4653,805,3921,816,2304,238,10,003,010800
10003010900,2718.699667030359,2554.67555438901,1448.537944763913,212.88827870555386,322.9921691085207,248.4750496187885,2504,302,2235,268,1182,193,10,003,010900
10003011000,3163.0,2695.7799010786916,1654.765412738362,309.65782132876484,422.55977064446233,236.74638278188547,3010,306,2487,333,1673,178,10,003,011000
10003011100,2655.7061224489794,2296.7122498377603,1330.89146838618,242.6673581786213,369.04904399329035,167.46141315633457,2710,291,2377,308,1292,168,10,003,011100
10003011201,2246.0,1586.2838283828382,1159.1361386138615,304.19725908852666,290.82114901100556,205.88221900796202,3001,547,2428,562,1375,238,10,003,011201
10003011202,3625.63154543953,3170.5900620867496,1933.0386394024235,356.80387834092346,430.343095206326,210.14740103841743,3783,564,3276,589,2002,323,10,003,011202
10003011203,4481.733320147866,3113.4143661773473,2346.1130978052984,727.2549010281684,586.5115074679932,515.5025103041701,4716,625,2633,412,2414,422,10,003,011203
10003011204,3301.0570354457573,2759.371770731666,1764.3759965831339,333.44431904923346,400.7353418115717,241.29176179173854,3225,315,2795,352,1772,247,10,003,011204
10003011205,2016.7254901960785,1860.21243930098,992.9108196911983,128.49645567586265,191.27055320967062,130.433406721558,1999,366,1562,325,1092,220,10,003,011205
10003011206,4143.110123792927,3888.770209429582,2172.3336846045045,449.6641173712385,613.0413861476219,397.35843532120646,3881,568,3747,576,2021,316,10,003,011206
10003011300,2370.235294117647,1936.3250040272521,1368.2151495609419,225.0737732231195,268.9414646362034,172.58079375752231,2340,404,2216,402,1351,327,10,003,011300
10003011400,3405.192569539,2924.4530052833534,1806.527702362027,227.97794304985877,307.22538782529875,188.94306650391258,3206,541,2781,581,1665,199,10,003,011400
10003011500,2816.0,2651.716535433071,1432.188976377953,227.93490653163087,349.5149293005285,179.13023570779396,2957,405,2638,389,1456,233,10,003,011500
10003011600,3268.9447424462483,3046.2858343883418,1651.249425184627,313.1901570195871,430.53681550049197,228.85544290406935,3520,664,3078,676,1796,337,10,003,011600
10003011700,3988.520756948551,3592.7133535872445,2163.7471383751426,569.1812751613376,555.0143948034838,305.0072512889345,4440,487,4236,454,2253,240,10,003,011700
10003011800,3986.0900365953294,3676.846205556923,2004.3691619940246,1003.3492819997798,995.0232481484893,464.4012350367845,4211,534,3642,524,2375,331,10,003,011800
10003011900,3574.1570871882004,3168.4599312139057,1776.3156508291038,581.1398831204483,588.0533307350648,310.6608509527497,2999,348,2712,296,1579,187,10,003,011900
10003012000,4418.1448783131955,3705.7567172697923,2261.696378280096,689.4869829245557,677.9744665747787,414.15246648260586,4368,595,3151,508,2182,321,10,003,012000
10003012100,3151.0857142857144,2569.505708979312,1548.1830033066105,659.9228811964663,681.0412372155093,419.21215255017427,3190,445,2741,449,1618,258,10,003,012100
10003012200,4424.456947683186,3218.721096401869,2315.3624938412277,757.9789798623591,741.272440302224,460.78290090870104,4621,577,3068,499,2069,328,10,003,012200
10003012300,2536.8964432697785,2202.6084549191414,1279.0408780989542,341.3309023129413,429.67401920067607,248.00388645581955,2716,352,2209,389,1429,244,10,003,012300
10003012400,4568.802393493149,3213.1578255048285,2230.599063331497,681.2585600562951,688.3526038153137,410.9248111549684,4213,400,3352,399,2032,250,10,003,012400
10003012500,5397.002654167244,5001.2158307419895,2814.3381492632216,1077.6200310116465,1328.4689928296993,795.2531715705944,5015,962,3451,604,2453,483,10,003,012500
10003012600,2754.9261643444374,2678.911848353899,1573.707153719863,231.93663612260036,278.36619942938745,205.65896026531783,2996,523,2742,497,1645,345,10,003,012600
10003012700,4436.098800282287,3696.2151736648075,2385.1371166860717,577.5533402415272,496.7957288930771,339.4114934318096,4025,499,3408,518,2153,376,10,003,012700
10003012900,4755.133842095421,3229.301227206199,2565.8815496676566,875.6258318130843,695.5998113942837,505.16076569338856,4478,525,3074,450,2517,340,10,003,012900
10003013000,1823.0,1556.9864801864803,934.0219114219115,310.1234255972194,385.6372514931451,189.79420584641667,1975,258,1587,249,936,147,10,003,013000
10003013100,2624.586153846154,2259.359274707945,1325.6227604057965,307.73830197449115,374.37273602447675,196.78326697185602,2292,329,2051,299,1215,222,10,003,013100
10003013200,2740.408290209816,2459.101830483094,1236.008784285261,251.39807636673518,299.93995800623,174.39954991361776,2746,365,1654,347,1497,288,10,003,013200
10003013300,1864.2282608695652,1726.651210715613,876.3003023826587,126.77113217767962,179.1548512256188,112.1045359315335,1819,270,1748,269,885,156,10,003,013300
10003013400,2594.3238993710693,2333.2974548106927,1500.4039141523926,206.8505319908981,260.97888839642366,191.22034975581064,2146,349,1814,372,1065,187,10,003,013400
10003013501,6586.701425614847,6025.323164503703,3385.7164230450894,675.4090360705219,757.1844927291912,494.94741590878266,6988,805,6312,759,3845,448,10,003,013501
10003013505,3159.209514968157,2900.293583645009,1614.4169835443336,363.1268520615498,455.821915255057,242.93188833109815,3212,461,2652,411,1597,270,10,003,013505
10003013506,4838.575757575758,4437.04618724559,2443.84184531886,275.0329875351665,365.2393100257196,243.7296579971806,4334,669,3681,672,2232,463,10,003,013506
10003013507,1812.0526315789475,1497.1546985521725,884.748648716584,400.8372531420843,306.07336235895167,178.16473703519875,1709,199,1491,262,868,161,10,003,013507
10003013508,5547.279057253551,4581.594101461796,2706.3220711275994,643.2479818899216,677.7212992738586,381.6304406795617,5948,1208,4643,1192,3298,889,10,003,013508
10003013604,4110.176583677785,3710.4166732672657,2337.8821856137556,445.28073370045036,512.3308758553937,326.5769562811799,4321,583,3686,490,2125,264,10,003,013604
10003013607,5847.506873803477,4689.695010046536,3137.892065857986,479.78714698180465,541.2744630066421,404.99813397689064,5930,713,4486,637,3123,505,10,003,013607
10003013608,1901.4554455445545,1519.3781008150029,938.8712798039757,229.8576957023559,275.639270718526,128.88445211550786,2206,567,1611,565,1151,299,10,003,013608
10003013610,6123.563258911085,4967.766419947977,3253.887375584976,641.2159288902453,659.9470090877991,417.19280551751814,5510,967,4278,475,2746,489,10,003,013610
10003013611,5776.549242424242,4814.365794856983,2905.6511077212776,409.805481544843,531.315802939454,345.66172851445316,6106,916,3937,822,3000,522,10,003,013611
10003013612,6160.0,5187.740655682269,3135.0227831326533,435.6954891900139,477.59149215754945,337.7918047966091,5804,570,3819,380,3125,418,10,003,013612
10003013613,5574.519975681778,4802.10654367627,2919.717456042705,555.858798132145,624.9991156433668,360.47082129502394,5702,699,5105,678,3181,480,10,003,013613
10003013614,3075.403846153846,2854.484716944044,1671.3012383698074,550.11280844094,669.4027027562212,403.6178469037501,2690,378,2131,344,1380,244,10,003,013614
10003013615,3699.5445544554455,3343.2419122048295,1988.7109434314277,483.7445240199607,638.158363385926,414.9320972512976,3486,489,3152,524,1759,262,10,003,013615
10003013700,3904.0,3161.256549585384,2090.220602885283,562.424049990755,498.4018419217763,353.2563786608008,4184,510,3048,498,2234,423,10,003,013700
10003013800,5585.025999504713,3823.14834282401,2867.31474328216,710.3432130555955,488.0380051399813,316.3509010630948,5625,753,3598,419,2886,397,10,003,013800
10003013901,2835.020408163265,1775.4860859509215,1665.9111078430717,551.6745831134072,359.62901787802565,334.6666758052814,3018,515,1921,548,1634,431,10,003,013901
10003013903,4983.0,3126.1072345890416,2466.9689640410957,258.44002634621927,449.68004412981685,241.05190302904697,5073,755,2752,428,2592,441,10,003,013903
10003013905,3794.683609366077,2097.9053093714315,2040.9961055617775,480.25551174762876,314.3365306889903,299.5702974691697,3630,759,1664,375,1802,345,10,003,013905
10003013906,3869.1142897935874,2144.561324062444,2079.998324434223,723.3677618198509,482.5369915209501,459.13108346417494,4827,694,2401,787,2044,289,10,003,013906
10003014000,5233.1662082874955,3886.1155151249977,2607.391883508454,727.99133357035,645.323514078487,464.5411523242339,5320,1125,2716,562,2476,463,10,003,014000
10003014100,4842.230952380953,3380.461912377906,2530.506139448982,550.2371268923551,582.6379060791337,415.23625851511025,4284,664,2531,419,2357,394,10,003,014100
10003014200,1627.0,1382.4509202453987,853.4263803680981,231.13176682925504,263.67332413440346,133.01659263271503,1761,226,1322,181,964,118,10,003,014200
10003014301,1305.5275384445126,1092.9471154436999,737.0652070471452,916.6538564277529,858.7720067810519,545.1263204750219,1448,330,1243,328,643,167,10,003,014301
10003014302,5752.238933724627,4822.283655512852,3248.3069240415352,868.9725025341414,933.4478613669739,653.3451085981175,6014,567,4908,567,3508,443,10,003,014302
10003014402,3233.562386422459,2422.128106265698,1820.4310824139898,790.4235643116258,535.4338950831298,473.6475727444483,2989,505,2412,412,1483,333,10,003,014402
10003014403,5200.858852975152,4037.6260651225925,2585.5050114373466,1971.8940000407008,2316.4368742773877,1225.605785567294,4966,605,3459,600,2352,406,10,003,014403
10003014404,3482.422381680872,2901.0656075086413,1833.6564483727416,638.8376753253383,574.0933243339005,414.0073570721417,4754,664,2949,429,2359,320,10,003,014404
10003014501,2052.2592407175634,1948.3340924663928,1169.4203550687294,303.8271301368638,310.14303834800995,237.29851140721428,2126,343,1470,310,973,203,10,003,014501
10003014502,6443.329411764706,5969.899901524992,3720.2295695951684,1856.694577355638,1846.568733035012,1132.6027705669817,6752,735,5791,713,3676,523,10,003,014502
10003014702,1927.0,1550.9951375668218,915.8356280800468,435.45126235444815,320.94940577853316,159.88096389343315,1759,387,1144,289,879,244,10,003,014702
10003014703,4727.960795191863,3420.0201024133653,2710.4406347744875,504.997385535474,707.7459335187511,454.7642454593688,5485,990,3445,687,3067,659,10,003,014703
10003014705,5420.037844263919,4051.490258809974,2552.279343888501,851.2389369898348,703.8403098701906,437.8110411831389,5082,631,3254,394,2421,338,10,003,014705
10003014706,3061.735294117647,1400.0200061174942,1667.6855225678182,528.9813279377687,345.2487130878457,298.3118104315101,2743,431,1380,390,1313,240,10,003,014706
10003014803,3857.8803556228127,3356.7799016710255,2030.0067943184738,357.00817495685686,391.8322065730053,226.26514170696944,4206,408,2876,338,2251,298,10,003,014803
10003014808,6319.0,4301.385903881473,3132.407630711368,1061.9040909074697,877.4149069333876,579.9811712051239,6381,959,3005,410,2745,386,10,003,014808
10003014809,7662.0,5388.420110260507,3928.18430711827,1009.5252047026886,1019.1261433678119,652.1181904226302,8336,1706,5137,1529,4300,902,10,003,014809
10003014810,7106.706706706706,4703.989847632459,3416.2162691372314,951.2852837392772,943.3632571090126,622.5517078345533,7111,791,4924,619,3590,430,10,003,014810
10003014811,6007.0,3732.854957397366,2862.165666150271,573.6053245983977,651.8726813328321,407.9317191628876,6417,561,3869,593,3301,395,10,003,014811
10003014812,4161.293293293294,2585.9004992599102,1982.7386034368994,504.98201469733385,579.4542930237616,359.6063124357057,4732,1019,3288,885,2604,818,10,003,014812
10003014813,4871.19587628866,3184.112688203214,2534.049172902361,623.1587053253239,661.3410413196301,397.2960462792654,5051,1193,2799,666,2532,710,10,003,014813
10003014814,3676.0,2402.8592852958404,1912.2952548330404,533.0489966782039,669.9927989045556,397.4911253028459,4121,687,2493,656,2275,485,10,003,014814
10003014903,7134.0,3271.968637249736,3254.912640825206,1329.0638428047282,1084.7280952673427,827.5658871152192,7662,1215,3651,950,3999,755,10,003,014903
10003014904,4968.635353535354,2870.7252061587037,2614.376796416364,647.4948305639921,433.6335775757664,351.45546826089725,5417,851,3126,711,3069,634,10,003,014904
10003014906,4726.0,2043.5464295685588,2303.7710327257137,778.3466733017585,439.9979233485584,501.79795734414887,5352,685,1604,301,2836,371,10,003,014906
10003014907,4838.988235294118,2361.641826626193,2534.353162196578,890.714237387445,636.7984560898846,538.2737740721929,4932,679,1963,472,2681,488,10,003,014907
10003014908,2198.363339275104,696.8114082535792,1332.4778145821174,238.76502812047514,149.11450858351787,220.54622865043763,2258,502,697,205,1515,449,10,003,014908
10003014909,6075.601307189542,2057.385036065627,3287.1946034772272,845.7284172228187,442.3836152424141,580.3876527985765,5711,642,2193,563,2688,476,10,003,014909
10003015000,5304.436363636363,2847.2872078048094,2719.6430958135597,931.1843843806489,747.3319365107304,453.5830949633739,5670,1223,3676,1267,2787,471,10,003,015000
10003015100,3527.0079340450184,2892.001363026428,1863.2821255510887,432.12179302550163,440.1783340809808,290.25887297802564,3567,491,2439,583,1771,289,10,003,015100
10003015200,5929.0,4275.816184270344,3539.9696923776332,2234.38176185214,1362.0955927851744,1575.8057972495324,6110,710,3135,610,3264,475,10,003,015200
10003015400,3189.509090909091,216.43512984643957,1860.6439388411661,558.7387116849727,68.90970886964912,263.7632335225311,2812,532,318,196,1583,325,10,003,015400
10003015502,2848.0,1082.220215352553,1469.9993053143453,465.9611035192172,284.11493954760965,301.9900566139199,2892,640,623,135,1438,334,10,003,015502
10003015600,2338.490909090909,970.7020735487752,1177.6813516312595,567.012946296098,196.1138189867932,216.8506263053604,2773,767,994,167,1348,275,10,003,015600
10003015802,2416.0,1821.622659779918,1181.1686350211212,265.4348243986688,276.7661699156927,157.54716843554726,2356,416,1623,426,1317,290,10,003,015802
10003015900,3341.3564356435645,2055.910805245023,1842.0396169303165,403.1086305186327,405.34480408409695,379.43421830801253,3344,458,2427,556,1690,284,10,003,015900
10003016000,2759.8166273584907,1022.893646556006,1511.8288487964883,448.62590844847284,270.96121252221053,337.7546073869256,2744,629,799,192,1470,302,10,003,016000
10003016100,1883.074569169814,1165.5035786719593,896.2597513588756,293.0240383554051,337.1691087943047,176.55196602647388,2172,329,1578,320,1116,227,10,003,016100
10003016200,2673.744433783113,2084.1737433466246,1300.8363330071618,383.8602429821934,422.43262505709714,229.16439721004656,2492,344,1769,330,1385,219,10,003,016200
10003016301,5074.0,3727.4605037357587,2483.4003034456746,817.7482739421396,580.2895877619089,394.73371576007816,5986,809,2897,522,3105,521,10,003,016301
10003016306,4582.0,2618.285714285714,2408.9647696476964,1020.8102177920279,993.7845951180783,662.6714466124777,4433,821,1665,602,2423,582,10,003,016306
10003016307,2852.0,1629.7142857142856,1499.4254742547425,826.1837128622195,871.4350784222308,584.4335034879414,2606,409,1232,297,1436,257,10,003,016307
10003016308,3747.760447834706,1262.2121944748437,1955.924016558218,791.6918030356886,484.8235415861641,396.72323868446676,4309,985,1397,592,2057,555,10,003,016308
10003016309,3765.239552165294,1272.4986405293296,1964.8442428305793,946.3202130635692,602.9532742949207,507.2316874184478,3674,683,1675,456,1887,456,10,003,016309
10003016401,5828.0,3734.897050841325,2966.1957662384657,554.5157289487875,436.55035191824476,406.3277535749069,6126,942,3478,610,2707,465,10,003,016401
10003016404,2970.602409638554,2637.9704902265366,1491.0724210866779,526.4615057007902,476.7204454870646,224.5196054054557,2878,381,2041,283,1350,187,10,003,016404
10003016608,4298.168873197999,4031.337912341603,1991.2758272865412,637.5002724691402,609.9557489705325,259.50585826175876,6510,897,4126,529,3652,617,10,003,016608
10003016609,5619.0,4303.845096999269,2763.077552806207,828.6092415973458,962.7565985241133,572.8366915294021,5156,457,4107,525,2620,313,10,003,016609
10003016610,5743.0,4398.781370567702,2824.0197501377916,1200.1625107826371,1096.560068747022,633.547078169216,7298,940,4168,745,3916,581,10,003,016610
10003016611,2780.0,2224.353071916177,1444.5054770598508,581.4714742709232,487.6931849365315,396.21243990984533,6782,1511,4911,1449,3283,773,10,003,016611
10003016612,3711.6363636363635,2969.7804846368113,1928.5895885349769,487.04657171358286,491.2203864344733,389.48948236437025,5670,684,4333,686,2886,532,10,003,016612
10003016613,6117.363636363636,4117.9256238555645,3081.598865958407,855.0467717639591,746.0156127768436,622.3734623331404,5352,1037,2757,677,2731,546,10,003,016613
10003016614,5253.580645161291,3536.4669556510466,2646.471441082028,1235.7572887608717,913.738825425331,700.259571446109,6496,1110,5453,1159,3401,632,10,003,016614
10003016805,1814.2981186662728,1546.196554028304,859.3746011921637,491.91791930952763,541.3145634568673,263.50236789482443,1653,468,1540,470,902,290,10,003,016805
10003016806,3937.341126616746,3353.3657824515058,1865.136015644474,832.6410782352168,783.6334647311593,379.2002296310899,5009,495,2411,445,2675,312,10,003,016806
10003016807,1846.0,1464.4579439252336,938.9252336448599,377.8301778410189,343.4339582653841,233.60785599974105,1621,320,1464,290,948,188,10,003,016807
10003016808,4996.459354838709,3964.5597186463165,2540.842234042755,891.0651796474003,696.4073293268307,458.4423765463705,5900,860,3714,742,3176,516,10,003,016808
10003016901,2215.6205349367615,2102.6361800214204,1038.6644428290945,372.8235305073448,367.1463685482808,157.59220282105733,2190,385,2128,384,1126,256,10,003,016901
10003016904,4134.37,2018.3250938811575,656.6406074663132,1150.4525459844606,475.1277576720048,157.68282711571732,3996,389,2183,385,698,106,10,003,016904
10003980100,0.0,0.0,0.0,33.40859443992681,0.0,0.0,0,12,0,12,0,12,10,003,980100
10005050101,3774.714285714286,3529.4602479282585,2000.229407828142,579.1473789499103,612.1669046924937,356.706834024904,4140,626,3801,586,2158,358,10,005,050101
10005050103,4442.860465116279,3507.484092240886,2212.2199883890835,1345.4601878146716,1061.756734443276,604.1374895948036,5246,720,4727,621,2548,338,10,005,050103
10005050104,4309.1462628865975,3715.3737226566886,2206.364708017696,829.3681284757389,969.9985415607731,542.6949682754839,4714,365,2996,405,2618,328,10,005,050104
10005050105,5493.425249169435,3003.5307323404663,2931.9271706985287,1148.3047635094733,871.6180282075567,735.9647425645906,5205,625,3612,394,2646,437,10,005,050105
10005050200,3195.0,2131.245249926922,1511.1107863197894,2038.9773115220619,1678.325755444415,720.3383754591214,4320,711,2802,585,2141,372,10,005,050200
10005050302,4995.0,3605.0403652993555,2677.3626068498766,1065.6392665684928,950.1168479992654,598.9208361356426,5516,693,4071,521,2936,435,10,005,050302
10005050303,3017.4,2332.8729157967227,1580.7415850285852,1544.7008452081454,1345.2644968317247,728.6141226842678,2896,409,2455,403,1444,271,10,005,050303
10005050304,3898.0,3013.574751861042,2042.0973945409428,1862.1230886923547,1582.18583800938,853.0351097649925,5343,669,4063,703,2735,547,10,005,050304
10005050401,3779.426086956522,3098.1085245985346,1985.1418877173273,1046.05968650792,1022.3858841430878,575.2281994990158,3507,475,3089,440,1766,232,10,005,050401
10005050403,3403.0,2159.73802789902,1646.675233195409,754.5206771069288,541.0346884623535,414.0452119979708,3412,311,2069,297,1786,202,10,005,050403
10005050405,3728.573913043478,3078.8226753096233,2045.016073563664,952.7870527868108,986.7369040261987,566.0739544744245,4615,599,3249,565,2452,363,10,005,050405
10005050406,4996.0,2859.254348647046,2879.04219739916,1100.6161887295564,794.0902495464255,682.2154962617267,4709,437,2649,490,2528,330,10,005,050406
10005050407,4738.0,2751.3628450634174,2600.538671972146,1268.0388724671056,897.0733997007892,800.0321127517954,6067,1068,3894,834,3141,582,10,005,050407
10005050408,4473.339285714285,2976.4506452408095,2186.9689562173703,1000.7329881008196,834.5548655909788,549.4970701848827,4726,572,2654,402,2569,395,10,005,050408
10005050501,3502.0,2757.226055919096,1789.540749553837,942.8436733928077,796.1818377778105,425.61235198636126,4556,600,3662,657,2455,475,10,005,050501
10005050503,5335.62037037037,2738.924698880144,2278.7122031113367,1772.077127335486,1241.2999948924553,748.4119940002156,6221,885,4514,974,2685,402,10,005,050503
10005050505,2519.9885714285715,1677.8037509615626,1121.0162812973026,762.0634315321807,499.27054122154726,336.1279181378132,2927,417,1957,406,973,260,10,005,050505
10005050506,3609.391058201058,2403.125920806784,1605.636703153189,1042.9723801352015,808.8161181710892,502.5486253806791,3354,386,2875,361,1661,289,10,005,050506
10005050601,5024.5675675675675,4375.261892221151,2456.542376530056,1387.4003262103993,1211.2923099909244,571.1716641298576,5336,612,4664,608,2506,327,10,005,050601
10005050603,2004.361111111111,1578.3589095967204,1096.134982638889,671.3704287663837,582.1213255462789,359.0590184441051,2463,387,1793,311,1387,280,10,005,050603
10005050604,3550.7441520467837,2796.190160025716,1941.7347015844753,900.7267352861478,880.0593602583059,518.902439570401,3729,654,2730,654,2210,391,10,005,050604
10005050701,3601.2342069892475,2188.7332703684124,1767.4572469082946,797.8712198038097,528.3934690618935,406.3746878357112,4646,449,3338,355,2298,237,10,005,050701
10005050703,2025.1621420206536,1297.2539644018711,1026.9584898684857,436.6846012937363,318.6035463964354,238.2519467794827,2244,366,1394,211,1079,147,10,005,050703
10005050706,1496.2376237623762,1388.0092423181072,850.8172760253851,547.651819519983,514.89948686861,285.43999648645394,2379,1178,1482,210,1001,398,10,005,050706
10005050707,1846.7623762376238,1551.278786061445,921.0955821325099,564.4498577616858,534.3719914466465,284.38978489710536,2837,394,2641,411,1602,302,10,005,050707
10005050708,2089.009900990099,1753.85978345879,1041.409754006498,503.860796565189,398.84488808126144,212.35091952379477,2577,709,2432,701,1195,424,10,005,050708
10005050709,1680.0,1635.7134670487105,844.974212034384,570.9210047513125,597.353998131916,283.60734785145627,1589,280,1480,289,894,163,10,005,050709
10005050710,1563.5138161459274,1522.2979791586995,786.3862230968915,657.1986229423959,656.5427493166378,275.30109258703925,2354,593,2011,605,1404,361,10,005,050710
10005050711,1109.4861838540726,1080.238983592017,558.028103550673,555.6937004649644,533.4353134116104,207.34037431421712,1065,284,1065,284,590,207,10,005,050711
10005050801,3569.24,2674.706581023564,1993.4147766591293,663.0006812459274,660.2851660667231,389.5038830892801,3906,552,3300,513,2194,285,10,005,050801
10005050804,2779.8741238317757,1904.6399906091897,1498.459669393282,738.0114780387706,615.8471834051471,465.0733356269929,4162,730,3413,541,1947,297,10,005,050804
10005050805,1968.8753846153845,1348.6577998141863,1061.3582613147266,720.5911727445699,527.9641190511489,425.6256422448985,3126,963,3066,964,1585,412,10,005,050805
10005050806,2546.8846153846152,2096.113669454913,1309.7825668810406,1280.2255174498023,927.3381848921372,518.3726122418209,3540,588,3169,564,2036,420,10,005,050806
10005050807,1339.0,1103.7611790319881,688.2249204488361,933.1197715826931,780.4891774157295,380.3669077739973,1984,417,1629,332,1298,310,10,005,050807
10005050808,2369.7196261682243,1953.401440294758,1217.9985819310468,934.8721107254275,867.5500135275536,524.5238008664696,3632,532,3496,557,2033,389,10,005,050808
10005050903,1857.0,1652.8032544378698,970.6213017751479,513.8845572060919,618.1656748877243,270.446121609448,1896,285,1619,283,1088,231,10,005,050903
10005050904,1889.0,1681.284516765286,987.3471400394477,515.242246645408,621.8770324223893,276.7014855664944,2117,429,2003,413,1346,326,10,005,050904
10005050905,2683.5604288499026,2443.1840039405897,1423.3235532977967,855.3163703021535,739.9725156808902,349.0813462955271,3786,691,3629,692,1692,308,10,005,050905
10005051008,2647.5849056603774,2127.914017496508,1373.5112407401423,1061.94239592272,906.9036797610805,584.5249273194993,3535,732,3024,555,1925,469,10,005,051008
10005051009,2077.4546983000187,1669.1191709188897,1077.605089198563,940.1343429735315,681.8132821821641,457.6453906340223,2212,319,1938,393,1148,194,10,005,051009
10005051010,1795.5145631067962,1685.1495044293126,988.6002190025531,241.51510245503698,280.2276378216377,178.11970285223754,2198,286,2054,294,1119,131,10,005,051010
10005051011,2401.4854368932038,2253.8731108214847,1322.2443736329933,289.4429956889457,352.790347640633,226.16446349424933,3147,265,2579,281,1529,197,10,005,051011
10005051012,1614.0,1482.0577049180329,798.3567213114754,368.437224741953,426.97199741337795,206.9292565138308,2152,578,2011,587,1068,220,10,005,051012
10005051013,2591.0,2379.1892896174863,1281.624699453552,422.1454952089993,487.508222811906,233.1146742725116,3826,414,3300,361,1926,268,10,005,051013
10005051014,1238.7319587628865,1194.633101030928,641.6631546391753,269.8569267255296,257.64867902066186,131.7034826727251,1718,289,1689,288,851,133,10,005,051014
10005051015,1485.2680412371135,1432.3924989690722,769.3688453608247,273.26578092832733,267.00678905144184,138.7029095282452,1761,398,1667,390,960,261,10,005,051015
10005051016,1720.2380952380952,1655.0442311311876,855.1195181629964,493.1321314288591,600.126693505021,276.60982840732254,2131,424,2086,424,1163,307,10,005,051016
10005051017,2819.7619047619046,2712.8981078597444,1401.6858759314002,642.2178164703869,685.1848081536275,312.79102860109356,2996,436,2603,356,1670,257,10,005,051017
10005051101,647.960396039604,636.7004207529758,330.63381978008226,174.30509308707033,170.88702873683977,64.2926867931263,909,139,874,133,423,66,10,005,051101
10005051102,1170.2857142857142,1161.2624559358012,568.1257008525218,340.7078851218685,355.35315646764656,151.30888427047358,1450,224,1144,188,849,128,10,005,051102
10005051103,893.7142857142857,851.4740582800284,430.18336886993603,178.58428599890667,128.35448382909559,53.12230683356295,1306,285,1259,282,650,147,10,005,051103
10005051201,1263.899332929048,1240.1181611971233,692.4517651354496,957.0080497677127,764.1529598627053,372.1645418370471,1428,187,1313,165,676,95,10,005,051201
10005051202,923.7575757575758,919.7236998809051,536.5054915971947,242.1887663965647,180.52128647093298,102.77159052236759,1121,261,976,212,638,142,10,005,051202
10005051203,840.0,797.6772047114423,395.35681092285887,157.058850329311,148.60566807051853,56.43229205381056,897,178,880,175,512,117,10,005,051203
10005051204,708.625,685.233495145631,359.1283980582524,149.67253589808462,95.73989008229825,36.76128511006815,682,181,520,65,281,41,10,005,051204
10005051205,690.8274222310283,682.4173492647376,319.5827727190497,279.75800705701573,229.26982838833362,72.01256709493943,761,141,638,104,344,62,10,005,051205
10005051302,2728.018136908963,2501.645659610316,1264.7125568067793,1281.5497243632446,1255.6136709103432,562.8690070233339,4195,440,3845,428,2127,276,10,005,051302
10005051307,1688.7131757174939,1667.0352830012118,872.4819978706608,768.6845170918172,839.1144390827652,413.36487363322266,3471,934,3278,950,1913,618,10,005,051307
10005051308,3244.874074074074,3203.423823747484,1676.5698266426577,976.1643325445463,1068.0973803403083,551.1080290162184,3649,463,3206,487,1785,306,10,005,051308
10005051309,1265.6915204678362,1139.968042042746,651.7324711184048,609.1793818694746,521.4351019936373,243.86473095148804,1171,164,1141,164,621,110,10,005,051309
10005051310,1165.5781477169394,1050.0419681466526,599.8271873629179,465.6363199782129,486.02100922866964,228.15443172538465,1554,362,1512,376,766,183,10,005,051310
10005051311,1033.1282923448064,963.7422554052911,478.46567803690243,448.19656291855676,397.89427475442443,168.24652787360378,1622,233,1607,236,782,148,10,005,051311
10005051312,1716.7132002203184,1598.7545004691985,797.1108032646166,592.3862907239725,578.571147027391,257.6526262829366,1909,408,1873,406,966,180,10,005,051312
10005051313,2394.512750208432,2257.410823339789,1190.4034666536336,768.6984016067506,817.1421091411949,376.2072640305848,2650,369,2425,329,1419,235,10,005,051313
10005051314,2158.0846153846155,2034.3216945580539,1072.7790019824615,788.061696547314,702.5818194663797,333.8487296608242,2319,445,2314,447,1279,234,10,005,051314
10005051400,3571.75,2541.798560700876,1792.58041301627,1185.3071300085778,932.8177219615375,583.5525262121707,3421,358,2862,319,1600,227,10,005,051400
10005051501,2090.6124875124874,1429.1833481936,1064.9277471285334,794.2943132381682,615.0667997200128,397.40499325370996,2420,461,1639,356,1467,333,10,005,051501
10005051502,3005.382249329618,2054.734499946238,1530.9692585162945,1180.1752428889552,829.5428139759396,525.9298566365827,3076,514,2430,612,1604,261,10,005,051502
10005051701,4005.1760264806403,3910.2451459239146,2039.254138546665,1118.31969194085,1164.211430557321,542.5337808497169,4005,658,3499,682,1951,319,10,005,051701
10005051702,5622.917120237506,5064.687490203821,2927.1902782845063,1709.765098379682,1751.7499784682655,854.050220496886,5976,804,4835,666,3208,616,10,005,051702
10005051801,4881.284991960734,4011.921335184126,2661.8955843058493,1101.1698129195056,1054.2746008308386,590.5831531992905,5240,692,4052,649,2626,415,10,005,051801
10005051802,4190.715008039266,2326.790685203409,2212.708470480356,798.3974425634186,696.039175979566,483.2801874911533,4140,562,2339,405,2325,393,10,005,051802
10005051900,4560.244398124023,3315.0671748618115,2244.7939150531765,1039.0135084661845,875.4404090610614,504.1901721425137,4359,623,3665,552,2322,380,10,005,051900
10005980000,5.0,4.450197238658777,2.6134122287968444,340.54437485359745,21.764240486391913,19.465132472466724,0,12,0,12,0,12,10,005,980000
